{"SRL_BERT_gated_redboth100_100_norm_cosineLR_weightedLoss.pt": {"result": {"loss": 2.0664565309565117, "rel_loss": 0.5468046842737401, "sense_loss": 0.0, "role_loss": 1.5196518555600593, "rel_accuracy": 0.9823376536369324, "rel_precision": 0.7748382305255813, "rel_recall": 0.9889022876191161, "rel_f1": 0.8677577398409811, "sense_accuracy": 0.0, "sense_precision": 0.0, "sense_recall": 0.0, "sense_f1": 0.0, "role_accuracy": 0.9901129034646162, "role_precision": 0.5970109105389756, "role_recall": 0.8365633101068745, "role_f1": 0.6187871461487678}, "params": 109669268, "params_class": 187028}, "SRL_XML_ROBERTA_CONLL_gated_redboth100_100_norm_cosineLR_weightedLoss.pt": {"result": {"loss": 1.8988157624894, "rel_loss": 0.5498665266848625, "sense_loss": 0.0, "role_loss": 1.3489492218545143, "rel_accuracy": 0.9905872344970703, "rel_precision": 0.8588316425496278, "rel_recall": 0.9876809814588975, "rel_f1": 0.9180916405345824, "sense_accuracy": 0.0, "sense_precision": 0.0, "sense_recall": 0.0, "sense_f1": 0.0, "role_accuracy": 0.993044144156919, "role_precision": 0.6874349508973588, "role_recall": 0.8624596656903153, "role_f1": 0.6944413422384197}, "params": 560128660, "params_class": 238228}, "SRL_XML_ROBERTA_gated_redboth100_100_norm_cosineLR_weightedLoss.pt": {"result": {"loss": 1.9326430787431432, "rel_loss": 0.5605878233909607, "sense_loss": 0.0, "role_loss": 1.3720552534499066, "rel_accuracy": 0.9843530654907227, "rel_precision": 0.7772170257444218, "rel_recall": 0.9915021865384981, "rel_f1": 0.8703741430527029, "sense_accuracy": 0.0, "sense_precision": 0.0, "sense_recall": 0.0, "sense_f1": 0.0, "role_accuracy": 0.9901985750446414, "role_precision": 0.5857697542751711, "role_recall": 0.860246541579612, "role_f1": 0.6204130942729178}, "params": 278230676, "params_class": 187028}, "SRL_DISTILBERT_gated_redboth100_100_norm_cosineLR_weightedLoss.pt": {"result": {"loss": 2.479549747832278, "rel_loss": 0.5370837304186313, "sense_loss": 0.0, "role_loss": 1.942466026925026, "rel_accuracy": 0.9916214346885681, "rel_precision": 0.8850501779369887, "rel_recall": 0.9850931402597533, "rel_f1": 0.9318394092070046, "sense_accuracy": 0.0, "sense_precision": 0.0, "sense_recall": 0.0, "sense_f1": 0.0, "role_accuracy": 0.9922902157812548, "role_precision": 0.6884052969493515, "role_recall": 0.82302660028116, "role_f1": 0.6767674515166114}, "params": 66549908, "params_class": 187028}, "SRL_DISTILBERT_gated_transform_redboth100_100_norm_cosineLR_weightedLoss.pt": {"result": {"loss": 2.5227136434392725, "rel_loss": 0.5349969546845619, "sense_loss": 0.0, "role_loss": 1.9877166893888027, "rel_accuracy": 0.9915130138397217, "rel_precision": 0.8823858822444792, "rel_recall": 0.9863968353179235, "rel_f1": 0.930897382675947, "sense_accuracy": 0.0, "sense_precision": 0.0, "sense_recall": 0.0, "sense_f1": 0.0, "role_accuracy": 0.9917036426953652, "role_precision": 0.661082772093668, "role_recall": 0.8208445746827909, "role_f1": 0.6513518300543782}, "params": 66570008, "params_class": 207128}, "SRL_NOM_BERT_C_gated_redboth100_100_norm_cosineLR_weightedLoss.pt": {"result": {"loss": 1.5191966518759727, "rel_loss": 0.48481085104867816, "sense_loss": 0.0, "role_loss": 1.0343857887783088, "rel_accuracy": 0.9824098944664001, "rel_precision": 0.711274263954986, "rel_recall": 0.9928893247770868, "rel_f1": 0.8269974126498357, "sense_accuracy": 0.0, "sense_precision": 0.0, "sense_recall": 0.0, "sense_f1": 0.0, "role_accuracy": 0.994236090480793, "role_precision": 0.6453827554932029, "role_recall": 0.9048114202674703, "role_f1": 0.6753102216098654}, "params": 108496593, "params_class": 186321}, "SRL_XML_ROBERTA_CONLL_gated_redboth100_100-50_norm_cosineLR_weightedLoss.pt": {"result": {"loss": 1.9391997824323939, "rel_loss": 0.5559438866503695, "sense_loss": 0.0, "role_loss": 1.3832558875388288, "rel_accuracy": 0.9908206462860107, "rel_precision": 0.8605657186695954, "rel_recall": 0.9872974260163235, "rel_f1": 0.9189836382777168, "sense_accuracy": 0.0, "sense_precision": 0.0, "sense_recall": 0.0, "sense_f1": 0.0, "role_accuracy": 0.9923202875746066, "role_precision": 0.6261044243824108, "role_recall": 0.8701602928057048, "role_f1": 0.6464679707207837}, "params": 560132360, "params_class": 241928}, "SRL_XML_ROBERTA_CONLL_gated_redboth100_LSTM_norm_cosineLR_weightedLoss.pt": {"result": {"loss": 2.3085039828686003, "rel_loss": 0.5502149697313917, "sense_loss": 0.0, "role_loss": 1.7582890099667488, "rel_accuracy": 0.9908695220947266, "rel_precision": 0.8616210296462232, "rel_recall": 0.9875540588769334, "rel_f1": 0.9196176618356583, "sense_accuracy": 0.0, "sense_precision": 0.0, "sense_recall": 0.0, "sense_f1": 0.0, "role_accuracy": 0.9911144887519219, "role_precision": 0.5999275833606511, "role_recall": 0.8099977463268294, "role_f1": 0.595543100775331}, "params": 560130521, "params_class": 240089}, "SRL_NOM_XML_ROBERTA_CONLL_gated_100_norm_cosineLR_weightedLoss.pt": {"result": {"loss": 1.612418099772185, "rel_loss": 0.4964751754887402, "sense_loss": 0.0, "role_loss": 1.1159429277631716, "rel_accuracy": 0.9883702397346497, "rel_precision": 0.7671637450817855, "rel_recall": 0.9937043902951752, "rel_f1": 0.8648239377211183, "sense_accuracy": 0.0, "sense_precision": 0.0, "sense_recall": 0.0, "sense_f1": 0.0, "role_accuracy": 0.9957749450372808, "role_precision": 0.7502576887722847, "role_recall": 0.9167436760183569, "role_f1": 0.764178863428894}, "params": 564194377, "params_class": 4303945}, "SRL_NOM_XML_ROBERTA_CONLL_gated_red750_100_norm_cosineLR_weightedLoss.pt": {"result": {"loss": 1.5863537839613855, "rel_loss": 0.49717188626527786, "sense_loss": 0.0, "role_loss": 1.0891818895397591, "rel_accuracy": 0.9888331294059753, "rel_precision": 0.7747197024403876, "rel_recall": 0.9938850489597263, "rel_f1": 0.8697020332030102, "sense_accuracy": 0.0, "sense_precision": 0.0, "sense_recall": 0.0, "sense_f1": 0.0, "role_accuracy": 0.9958882340424016, "role_precision": 0.7607241701727893, "role_recall": 0.9175539036428816, "role_f1": 0.7757225785981834}, "params": 562633053, "params_class": 2742621}, "SRL_NOM_XML_ROBERTA_CONLL_gated_redboth200_100_norm_cosineLR_weightedLoss.pt": {"result": {"loss": 1.4908912051469088, "rel_loss": 0.4990844433195889, "sense_loss": 0.0, "role_loss": 0.991806773643475, "rel_accuracy": 0.9874467253684998, "rel_precision": 0.7536183983120269, "rel_recall": 0.9947386023058498, "rel_f1": 0.856081125317362, "sense_accuracy": 0.0, "sense_precision": 0.0, "sense_recall": 0.0, "sense_f1": 0.0, "role_accuracy": 0.9954339260474927, "role_precision": 0.7278529659173212, "role_recall": 0.9188153903602441, "role_f1": 0.7504114817247473}, "params": 560483553, "params_class": 593121}, "SRL_NOM_XML_ROBERTA_CONLL_gated_transform_100_norm_cosineLR_weightedLoss.pt": {"result": {"loss": 1.5539295999333262, "rel_loss": 0.4999854560010135, "sense_loss": 0.0, "role_loss": 1.053944145420246, "rel_accuracy": 0.9884759187698364, "rel_precision": 0.7690999814401575, "rel_recall": 0.9935666394333146, "rel_f1": 0.8659752175462908, "sense_accuracy": 0.0, "sense_precision": 0.0, "sense_recall": 0.0, "sense_f1": 0.0, "role_accuracy": 0.9959083397548582, "role_precision": 0.7708701367527453, "role_recall": 0.9184716474398023, "role_f1": 0.7867702057672376}, "params": 564194377, "params_class": 4303945}, "SRL_NOM_XML_ROBERTA_CONLL_gated_transform_red750_100_norm_cosineLR_weightedLoss.pt": {"result": {"loss": 1.5438975850120187, "rel_loss": 0.49770049937069416, "sense_loss": 0.0, "role_loss": 1.0461970825781464, "rel_accuracy": 0.9882711172103882, "rel_precision": 0.7656813843157314, "rel_recall": 0.9946199754405607, "rel_f1": 0.864081374993246, "sense_accuracy": 0.0, "sense_precision": 0.0, "sense_recall": 0.0, "sense_f1": 0.0, "role_accuracy": 0.9956841840531426, "role_precision": 0.7401053197960402, "role_recall": 0.9221483741307767, "role_f1": 0.7625663299587144}, "params": 563758803, "params_class": 3868371},